{
  "I": 1.2235740102817168,
  "C": 0.6003549839399369,
  "E": 0.6068635928558199,
  "K": 1.7795459571198546
}